variant,test_acc,final_train_acc,final_val_acc,train_val_gap
Frozen backbone,0.9569166564379527,0.9254465577565569,0.958011049723757,-0.032564491967200015
Fine-tuned + augmentation,0.9715232600957407,0.9769815589403625,0.9733578882750153,0.0036236706653471895
"Fine-tuned, no aug",0.9770467656806187,0.9821903033172862,0.980110497237569,0.002079806079717139
